dao,cname
0x Gov,0xgov
Plasma Finance,0xplasma
10b57e6da0,10b57e6da0eth
1F51FF,1f51ff
1inch,1inch
256 DAO,256Dao
Aave,aave
Aavegotchi,aavegotchi
Abachi,abachi
Magic Internet Money,abracadabrabymerlinthemagicianeth
adidas,adidaseth
Akropolis,akropolis
Alchemist,alchemist
Alchemix Finance,alchemixfinance
Alpaca Finance,alpacafinanceeth
Ampleforth,ampleforth
Angle,angle
ApeCoin,apecoin
APWine,apwineeth
Aragon,aragon
Arbitrum,arbitrum
Armor,armorfi
Art Haus,artHaus
Artiva DAO,artivaDao
AssangeDAO,assangedaoeth
Aura Finance,aurafinance
Autonolas,autonolas
AW3 DAO,aw3dao
Baby Doge Army,babydogearmy
Babylon,babylon
Bacon Protocol,baconcoin
BadgerDAO,badgerdao
Balancer,balancer
Bancor,bancor
Bankless DAO,banklessvault
BarnBridge,barnbridgeeth
VPBasisDollar,basisdollar
Beanstalk Bug Bounty,beanstalkbugbountyeth
Beanstalk DAO,beanstalkdaoeth
Beanstalk Farms Budget,beanstalkfarmsbudgeteth
Beanstalk Farms,beanstalkfarmseth
BeethovenX,beetseth
Wonderland ,bestforketh
BiFi,bifi
Biswap,biswaporgeth
BitDAO,bitdao
BIT Embassy,bitembassyeth
blackpoolhq.eth,blackpoolhqeth
Bleeps DAO,bleepsdao
Blocked DAO,blockedDao
Blockzero Labs,blockzerolabs
Blueberry DAO,blueberryDao
Blur,blur
BLVKHVND,blvkhvnd
Botto,bottoeth
B.Protocol,bprotocol
Braintrust,braintrust
Bright Moments,brightmomentseth
Buds DAO,budsDao
Builder DAO,builderdao
Bulls on the Block,bullsontheblocketh
Buzzed Bear Hideout,buzzedbearhideout
Cabin,cabin
PancakeSwap,cakevoteeth
Candle,candle
CHECKED DAO,checkedDao
CipherShooters DAO,ciphershooterseth
CityDAO,citydao
Seed Club,clubeth
Compound,compound
Compound Grants,compoundgrants
compoundTest,compoundTest
Conic,conicdaoeth
Conjure,conjure
Convex Finance,convexfinance
Copernicus Beer,copernicusbeereth
CoW DAO,coweth
CRE8R DAO,cre8reth
CreamFinance,creamfinance
CREATIVE Kidz,creativeKidz
Creative Org,creativeorg
Credmark,credmark
Crown Capital,crowncapitaleth
Cryptex,cryptex
CryptoCorgis,cryptocorgis
Cultivator DAO,cultivatordaoeth
Curve Finance,curvefi
DAFO Club,dafoclub
dai-prize-pool,daiprizepool
Daniel Allan,danielallan
daomasters,daomasters
DAOSquare,daosquare
dappgooselabs,dappgooselabs
DaxioDAO,daxiodao
DCIP,dcipeth
Decentraland,decentraland
Decentral Games,decentralgames
Decrypt Media,decryptmediaeth
DefiDollar DAO,defidollar
DeFiGeek Community,defigeeketh
Defrag,defrag
DerivaDEX,derivadex
Developer DAO,devdao
dHEDGE,dhedge
Diva Staking,divastaking
DODO,dodobirdeth
Doodles,doodles
Dopewars,dopewars
dOrg,dorgeth
Digital Reserve Currency,drc
Dream Chain,dreamchain
DynamicSetDollar,dsd
ConstitutionDAO,dunjiaeth
dYdX,dydx
dYdX,dydxgoveth
EarthFund,earthfund
Ease,ease
Edu Nouns,eduNouns
Element DAO,elementdao
ElyFi,elyfi
Ethereum Name Service,ens
Entropy,entropy
Push Protocol,epns
EmptySetDollar,esd
Euler Finance,eulerfi
EVMavericks,evmavericks
ExpansionDAO,expansiondaoeth
FamilyDAO,familydao
FantomStarter,fantomstarter
Fat Cats ,fatcatsdaoeth
Fei Money,fei
Forefront,forefront
Founders DAO,foundersdaoeth
Frax Finance,fraxfi
Friends With Benefits,friendswithbenefits
Frontier,frontier
Futera United,futeraeth
Galxe,galeth
Game Mine Alliance,gameminealliance
GasDAO,gasdao
Global Coin Research,gcr
Gearbox DAO,gearbox
Gelato,gelato
Genesis Blocks,genesisblockseth
Gitcoin,gitcoin
gmdao,gmdaoeth
GMX,gmxeth
Gnars,gnarseth
Gnosis,gnosis
Goldfinch,goldfincheth
GoodDollar,gooddollar
Good Karma DAO,goodkarma
GrailersDAO,grailerseth
TheGraph,graphprotocol
The Mothership DAO (Gray Boys),grayboyseth
Gro,groxyz
Grug's Lair,grugslair
Harvest Finance,harvestfinance
Hashflow,hashflowdaoeth
Hummingbot Pull Requests,hbotprpeth
Headline,headline
Hector Network,hectordaoeth
Helix,helixgeometryeth
Hifi DAO,hifidao
Hop Protocol,hopprotocol
HourNouns DAO,hournounsDao
Ideamarket,ideamarket
Idle,idlefinance
Illuvinati Council,ilveth
Illuvinati Governance,ilvgoveth
Index,indexCoop
Indexed,indexed
Infinex,infinex
Instadapp,instadapp
Interest Protocol,interest
Inverse Finance,inverse
Jade Protocol DAO,jadeprotocoleth
Jam,jam
Trader Joe,joegovernanceeth
JPEG’d,jpegdeth
juicebox,juicebox
JusttheFlamingo,justtheflamingo
Kalmy.APP,kalmyappeth
Keep2r,keep2r
Keeper DAO,keeperdao
Kleros,kleros
Klima DAO,klimadao
Krause House,krausehouse
KuiQian亏钱俱乐部,kuiqianeth
Kuwa Oracle,kuwaoracleeth
Kyber,kyber
LARPS DAO,larpsDao
LeagueDAO,leaguedaoeth
Lemon,lemon
AAVE-Matic,lendhubeth
LexPunk,lexpunk
Crypto Unicorns,lgcryptounicornseth
Lido DAO,lido
Lil Nouns DAO,lilnouns
Lil Toadz DAO,lilToadzDao
LinksDAO,linksdao
Loopring,loopring
LootDAO,lootdao
Lyra,lyra
Lyrah,lyrah
M^0,m0
Magic Square,magicappstoreeth
MahaDAO,mahadao
Maker DAO,makerdao
MantraDAO,mantraDao
MANTRA,mantradaoeth
Maple Finance,maplefinance
MASK,masknetworketh
mclub,mclub
Merit Circle,meritcircleeth
MetaBrands,metabrandseth
Metacartel Ventures,metacartel
MetaFactory,metafactory
MetFi DAO,metfiio
MetisDAO,metislayer2eth
mferbuilderDAO,mferbuilderdao
MferBuyersDAO,mferbuyersdao
mirrorBlogIndexer,mirrorBlogIndexer
mists,mistseth
Moca DAO,mocanaeth
Moloch DAO,molochdao
Moloch Rises,molochrises
Moodboard DAO,moodboardDao
MoonDAO,moondao
Moonwell,moonwell
Moonwell Governance,moonwell-governanceeth
Morpho,morpho
mStable,mstable
MutantCats DAO,mutantsdaoeth
Name DAO,nameDao
Nation,nation3
Nexus Mutual Grants,nexusmutual
NFT Finance,nftfinanceeth
Notion,notion
Notional Finance,notionaleth
Nounbers,nounbers
Nounjis DAO,nounjisDao
Nouns DAO,nounsdao
NounsDAO Africa,nounsdaoAfrica
OceanDAO,officialoceandaoeth
Olympus DAO,olympusdao
OnChainKidz,onchainkidz
Ondo DAO,ondoDao
OOKI,ooki
OpenDAO,opendao
Openzeppelin OP test,openzeppelinTest
Opium Network,opiumprotocoleth
Optimism,optimism
OrangeDAO,orangedao
originprotocol,originprotocol
Overstimulated DAO,oversmdao
Paladin,paladin
PancakeSwap,pancakeswap
PandaDAO,pandadaoeth
Pangolin,pangolin
ParaSwap DAO,paraswapdaoeth
PastaDAOv0,pasta
PegzDAO,pegzdao
PeopleDAO,peopledaoeth
Perpetual Protocol,perpetualprotocol
Phonon,phonon
Pickle DAO,pickle
PieDAO,piedao
PleasrDAO,pleasrdao
Proof Of Humanity,poheth
Pool Pool,poolpoolpooltogethereth
PoolTogether,pooltogether
Popcorn,popcornsnapshoteth
Portion Club,portionClub
Powerpool,powerpool
Premia,premia
Presiderps,presiderps
Pride Punk DAO,pridepunk
PrimeDAO,primedao
Prime Rating,primeratingeth
Project Origin ,projectorigin 
Protein,protein
Public Assembly,publicassembly
Public Nouns,publicNouns
Punkcoin DAO,punkcoinDao
Purple DAO,purpledao
Push,pushdaoeth
Pylon Ecosystem,pylonecosystemeth
Qi Dao | Mai.Finance,qidaoeth
Radiant Capital,radiantcapitaleth
Radworks,radicle
Rally,rally
RariCapital,rari
Rarible,rarible
Rari Foundation,rariFoundation
Redacted,redactedcarteleth
Reflexer Finance,reflexerfi
REtoken DAO,retoken
Ribbon Finance,ribbonfi
Rocket Pool,rocketpool
saddlefi,saddlefi
SafeDAO,safedao
Safe Grants,safegrants
San Holo,sanholobeats
Santa Fe DAO,santaFeDao
Screensaver,screensaver
seaNouns,seanouns
seen.haus,seen
SeizerDAO,seizerdaoeth
ShapeShift,shapeshift
SharkDAO,sharkdaoeth
Shell Protocol,shellprotocoleth
Silo,silo
Sismo DAO,sismoeth
SongADAO,songadaoeth
Nexus Mutual Special Resolution,specialresolutionnexusmutualeth
Spells DAO,spells
Sperax DAO,speraxdaoeth
SpiralDao,spiraldao
SpookySwap,spookyswapeth
Spores,spores
Stake DAO,stakedaoeth
Idle DAO (stkIDLE holders),stakingidlefinanceeth
stargatefi,stargatefi
StarkNet,starkneteth
Streamr,streamreth
sudoswap DAO,sudoswapDao
SuperRare,superrare
Sushi,sushi
Swivel DAO,swiveldaoeth
Synthetix,synthetix
Synthetix Stakers Poll,synthetixstakerspolleth
Tempus,tempusgoveth
testProtocol,testProtocol
Dream DAO,thedreamdaoeth
The Giving Nouns,theGivingNouns
TheGraphCouncil,thegraphcouncil
 GuruDAO Bootstrap Phase,thegurudaoeth
The Homies DAO,theHomiesDao
The Idea Factory,theIdeaFactory
TheLandSafe Proposals,thelanddaopropeth
The LAO,thelao
The Panama DAO,thePanamaDao
the park dao,theParkDao
This Is Not A Dao,thisIsNotADao
Threshold Network,threshold
Tiger VC DAO,tigervcdaoeth
TOAD,toad
Token Engineering Commons,token-engineering-commons
Tokenlon,tokenlon
Tornado Cash,tornadocash
Tracer,tracereth
TraitWorks,traitworks
Treasure,treasuregamingeth
Tribe NopeDAO,tribeNopedao
TrueFi,truefigov
Trust Wallet,trustwallet
UberHAUS,uberhaus
UltraDAO V2,ultradaov2
Lacoste UNDW3,undw3eth
Union,union
Unipilot,unipiloteth
Uniswap,uniswap
Unlock Protocol,unlock
Unslashed,unslashed
Varen,vareneth
Visor,visor
AirSwap,voteairswapeth
VitaDAO,votevitadaoeth
Vesper,vsp
WAGDIE,wagdieeth
Wagumi,wagumi
Bean Sprout,wearebeansprouteth
WGMI,wgmi
xDai Chain (Gnosis Chain),xdaistakeeth
XNouns,xnouns
Yam,yam
Yearn,ybaby
yfBeta,yfbeta
Yield Guild Games,yieldguildeth
Alatelecoin DAO,younghwangeth
Yung Ape Squad,yungapedao
Yup,yup
ZecHub,zechubdaoeth
ZKSync,zksync
ZKsyncTestnet,zksynctestnet
Zora,zoraeth